"clm","cmclid","tm","ldab","writingsupport","bookform","chronofrom","chronoto","fullname","shelfmark","pp"
"14","CMCL.AN","108165","108165","papyrus","codex","701","800","Russian Federation, Moscow, Puškin Museum ","I.1.B0690","(026-027%)"
"14","CMCL.AN","108165","108165","papyrus","codex","701","800","Austria, Wien, Österreichische Nationalbibliothek - Papyrussammlung, K","04038",""
"14","CMCL.AN","108165","108165","papyrus","codex","701","800","Austria, Wien, Österreichische Nationalbibliothek - Papyrussammlung, K","04151",""
"14","CMCL.AN","108165","108165","papyrus","codex","701","800","Austria, Wien, Österreichische Nationalbibliothek - Papyrussammlung, K","04167",""
"14","CMCL.AN","108165","108165","papyrus","codex","701","800","Austria, Wien, Österreichische Nationalbibliothek - Papyrussammlung, K","04220",""
"14","CMCL.AN","108165","108165","papyrus","codex","701","800","Austria, Wien, Österreichische Nationalbibliothek - Papyrussammlung, K","04328A","(026-027%)"
"14","CMCL.AN","108165","108165","papyrus","codex","701","800","Austria, Wien, Österreichische Nationalbibliothek - Papyrussammlung, K","04328B","(038-039%)"
"14","CMCL.AN","108165","108165","papyrus","codex","701","800","Austria, Wien, Österreichische Nationalbibliothek - Papyrussammlung, K","04328C",""
"14","CMCL.AN","108165","108165","papyrus","codex","701","800","Austria, Wien, Österreichische Nationalbibliothek - Papyrussammlung, K","04328D","(038-039%)"
"14","CMCL.AN","108165","108165","papyrus","codex","701","800","Austria, Wien, Österreichische Nationalbibliothek - Papyrussammlung, K","04328E","(038-039%)"
"14","CMCL.AN","108165","108165","papyrus","codex","701","800","Austria, Wien, Österreichische Nationalbibliothek - Papyrussammlung, K","04328F","(038-039%)"
"15","CMCL.AO","108159","108159","papyrus","codex","701","800","Russian Federation, Moscow, Puškin Museum ","I.1.B0272(1)",""
"15","CMCL.AO","108159","108159","papyrus","codex","701","800","Russian Federation, Moscow, Puškin Museum ","I.1.B0379-0382",""
"15","CMCL.AO","108159","108159","papyrus","codex","701","800","Russian Federation, Moscow, Puškin Museum ","I.1.B0384-0399",""
"15","CMCL.AO","108159","108159","papyrus","codex","701","800","Russian Federation, Moscow, Puškin Museum ","I.1.B0636",""
"15","CMCL.AO","108159","108159","papyrus","codex","701","800","Russian Federation, Moscow, Puškin Museum ","I.1.B1020",""
"16","CMCL.AP","61979","3138","papyrus","codex","276","350","Germany, Hamburg, Carl von Ossietzky Universitätsbibliothek","Pap.Bil. 1",""
"18","CMCL.AS","108136","108136","papyrus","codex","350","450","United Kingdom, Oxford, Bodleian Library, Bruce","96",""
"23","CMCL.AZ","107785","107785","papyrus","codex","601","700","Switzerland, Cologny-Genève, Fondation Martin Bodmer","58.B","(005-136)"
"23","CMCL.AZ","107785","107785","papyrus","codex","601","700","Switzerland, Cologny-Genève, Fondation Martin Bodmer","58.E","(137-138)"
"24","CMCL.BA","107968","107968","papyrus","codex","401","500","Germany, Berlin, Staatsbibliothek zu Berlin - Preußischer Kulturbesitz, Ms. or. oct.","987","null"
"25","CMCL.BB","107969","107969","papyrus","codex","301","400","Egypt, Cairo, IFAO, Copte","413-433",""
"26","CMCL.BC","107864","107864","parchment","codex","376","425","Germany, Berlin, Staatliche Museen, P.","3259","ff. 1-98"
"32","CMCL.BI","108860","108860","papyrus","codex","301","400","The Netherlands, Utrecht, Universiteitsbibliotheek, B","3.11","(013-014)"
"32","CMCL.BI","108860","108860","papyrus","codex","301","400","The Netherlands, Utrecht, Universiteitsbibliotheek, B","4.12","(015-016)"
"32","CMCL.BI","108860","108860","papyrus","codex","301","400","The Netherlands, Utrecht, Universiteitsbibliotheek, B","4.13.1","(009-010)"
"32","CMCL.BI","108860","108860","papyrus","codex","301","400","The Netherlands, Utrecht, Universiteitsbibliotheek, B","4.13.2","(021-022)"
"32","CMCL.BI","108860","108860","papyrus","codex","301","400","The Netherlands, Utrecht, Universiteitsbibliotheek, B","4.14","(017-018)"
"33","DISH.AA","107758","107758","papyrus","codex","301","400","Switzerland, Cologny-Genève, Fondation Martin Bodmer","P. Bodmer III",""
"34","DISH.AB","107761","107761","parchment","codex","301","500","Switzerland, Cologny-Genève, Fondation Martin Bodmer","P. Bodmer VI",""
"35","DISH.AC","108535","108535","parchment","codex","301","400","Switzerland, Cologny-Genève, Fondation Martin Bodmer","P. Bodmer XVI",""
"36","DISH.AD","108536","108536","papyrus","codex","351","400","Switzerland, Cologny-Genève, Fondation Martin Bodmer","P. Bodmer XVIII",""
"37","DISH.AE","107759","107759","parchment","codex","375","450","Switzerland, Cologny-Genève, Fondation Martin Bodmer","P. Bodmer XIX",""
"38","DISH.AF","108537","108537","papyrus","codex","301","500","Ireland, Dublin, Chester Beatty Library, Ac","1389",""
"38","DISH.AF","108537","108537","papyrus","codex","301","500","Switzerland, Cologny-Genève, Fondation Martin Bodmer","P. Bodmer XXI",""
"39","DISH.AG","108176","108176","parchment","codex","375","450","Switzerland, Cologny-Genève, Fondation Martin Bodmer","P. Bodmer XXII",""
"39","DISH.AG","108176","108176","parchment","codex","375","450","U.S.A., Oxford (MS), University of Mississippi Library, Coptic","2",""
"40","DISH.AH","108542","108542","papyrus","codex","375","450","Switzerland, Cologny-Genève, Fondation Martin Bodmer","P. Bodmer XXIII",""
"41","DISH.AI","108121","108121","papyrus","codex","351","400","Switzerland, Cologny-Genève, Fondation Martin Bodmer","41",""
"42","DISH.AK","107771","107771","papyrus","codex","341","400","Norway, Oslo, The Schøyen Collection","MS 193","001-136"
"42","DISH.AK","107771","107771","papyrus","codex","341","400","Ireland, Dublin, Chester Beatty Library","2026","127-128"
"43","DISH.AL","108548","108548","parchment","codex","301","500","Switzerland, Cologny-Genève, Fondation Martin Bodmer","P. Bodmer XL",""
"44","DISH.AM","107756; 59114","107756; 209","parchment","codex","401","500","U.S.A., New York (NY), The Morgan Library and Museum","G67","ff. 1-112"
"45","GIOV.AA","108175 ","108175","papyrus","codex","651","750","Italy, Torino, Museo Egizio","63000.01",""
"46","GIOV.AB","108413","108413","papyrus","codex","651","750","Italy, Torino, Museo Egizio","63000.02",""
"47","GIOV.AC","108414","108414","papyrus","codex","651","750","Italy, Torino, Museo Egizio","63000.03.01-58","(017-150)"
"47","GIOV.AC","108414","108414","papyrus","codex","651","750","Italy, Torino, Museo Egizio","63000.03.59","(153-154%)"
"47","GIOV.AC","108414","108414","papyrus","codex","651","750","Italy, Torino, Museo Egizio","63000.03.60","(155-156)"
"47","GIOV.AC","108414","108414","papyrus","codex","651","750","Italy, Torino, Museo Egizio","63000.03.61-62","(157-158)"
"47","GIOV.AC","108414","108414","papyrus","codex","651","750","Italy, Torino, Museo Egizio","63000.03.63-72","(159-xxx)"
"47","GIOV.AC","108414","108414","papyrus","codex","651","750","Italy, Torino, Museo Egizio","63000.03.73","(153-154%)"
"48","GIOV.AD","108415","null","papyrus","codex","651","750","Italy, Torino, Museo Egizio","63000.04",""
"49","GIOV.AE","108416","null","papyrus","codex","651","750","Italy, Torino, Museo Egizio","63000.05",""
"50","GIOV.AF","108362","null","papyrus","codex","651","750","Italy, Torino, Museo Egizio","63000.06",""
"51","GIOV.AG","108417","null","papyrus","codex","651","750","Italy, Torino, Museo Egizio","63000.07A",""
"52","GIOV.AH","108418","null","papyrus","codex","651","750","Italy, Torino, Museo Egizio","63000.07B",""
"53","GIOV.AI","108419","null","papyrus","codex","651","750","Italy, Torino, Museo Egizio","63000.08",""
"54","GIOV.AJ","108363","null","papyrus","codex","651","750","Italy, Torino, Museo Egizio","63000.09.01-06","(011-022)"
"54","GIOV.AJ","108363","null","papyrus","codex","651","750","Italy, Torino, Museo Egizio","63000.09.07-14","(023post)"
"54","GIOV.AJ","108363","null","papyrus","codex","651","750","Italy, Torino, Museo Egizio","63000.09.15-33","(041-078)"
"54","GIOV.AJ","108363","null","papyrus","codex","651","750","Italy, Torino, Museo Egizio","63000.09.34-36","(087post)"
"54","GIOV.AJ","108363","null","papyrus","codex","651","750","Italy, Torino, Museo Egizio","63000.09.37-40","(079-086)"
"54","GIOV.AJ","108363","null","papyrus","codex","651","750","Italy, Torino, Museo Egizio","63000.09.41-42",""
"55","GIOV.AK","108366","null","papyrus","codex","651","750","Italy, Torino, Museo Egizio","63000.10",""
"56","GIOV.AL","108420","108420","papyrus","codex","651","750","Italy, Torino, Museo Egizio","63000.11",""
"57","GIOV.AM","108393","108393","papyrus","codex","651","750","Italy, Torino, Museo Egizio","63000.12",""
"58","GIOV.AN","108421","108421","papyrus","codex","651","750","Italy, Torino, Museo Egizio","63000.13",""
"61","GIOV.AQ","108423","108423","papyrus","codex","651","750","Italy, Torino, Museo Egizio","63000.16",""
"62","GIOV.AR","108424","108424","papyrus","codex","651","750","Italy, Torino, Museo Egizio","63000.17",""
"64","IERE.AA","107868","107868","parchment","codex","501","600","Ireland, Dublin, Chester Beatty Library, Cpt","813",""
"65","IERE.AB","107869","107869","parchment","codex","551","600","Ireland, Dublin, Chester Beatty Library, Cpt","814",""
"66","IERE.AC","107870","107870","parchment","codex","551","600","Ireland, Dublin, Chester Beatty Library, Cpt","815",""
"67","IERE.AD","107871","107871","parchment","codex","551","600","U.S.A., Ann Arbor (MI), University of Michigan Library, Ms.","166",""
"68","IERE.AE","107872","107872","parchment","codex","551","600","U.S.A., Ann Arbor (MI), University of Michigan Library, Ms.","167","null"
"173","MANI.AB","108112","108112","papyrus","codex","301","425","Germany, Berlin, Staatliche Museen, P.","15999.unconserv. block lost",""
"173","MANI.AB","108112","108112","papyrus","codex","301","425","Ireland, Dublin, Chester Beatty Library, Pma","D",""
"174","MANI.AC","108137","108137","papyrus","codex","301","425","Germany, Berlin, Staatliche Museen, P.","15995.1-31",""
"174","MANI.AC","108137","108137","papyrus","codex","301","425","Ireland, Dublin, Chester Beatty Library, Pma","B",""
"175","MANI.AD","107977","107977","papyrus","codex","301","425","Ireland, Dublin, Chester Beatty Library, Pma","C",""
"211","MICH.AK","61773","2925","parchment","codex","601","800","Germany, Freiburg, Universitätsbibliothek","615","ff. 1-5"
"211","MICH.AK","61773","2925","parchment","codex","601","800","U.S.A., New York (NY), The Morgan Library and Museum","M615","ff. (i) + 1-17 +17A + 18-37 + 37A + 38-62 + 62A + 63-82 + 82A + (83)"
"211","MICH.AK","61773","2925","parchment","codex","601","800","U.S.A., Ann Arbor (MI), University of Michigan Library, P.","4942","f. 1"
"273","MONB.AM","108123","108123","parchment","codex","501","700","France, Paris, Musée du Louvre, E","09997","(072-073)"
"273","MONB.AM","108123","108123","parchment","codex","501","700","France, Paris, BnF, Copte","130.2.114","(036-037)"
"273","MONB.AM","108123","108123","parchment","codex","501","700","France, Paris, BnF, Copte","130.2.127",""
"273","MONB.AM","108123","108123","parchment","codex","501","700","France, Paris, BnF, Copte","130.5.120","(068-069)"
"273","MONB.AM","108123","108123","parchment","codex","501","700","France, Paris, BnF, Copte","130.5.129","(056-057)"
"273","MONB.AM","108123","108123","parchment","codex","501","700","France, Paris, BnF, Copte","130.5.130?",""
"273","MONB.AM","108123","108123","parchment","codex","501","700","France, Paris, BnF, Copte","130.5.130","(129-130%)"
"273","MONB.AM","108123","108123","parchment","codex","501","700","France, Paris, BnF, Copte","130.5.130","(129-130%)"
"273","MONB.AM","108123","108123","parchment","codex","501","700","France, Paris, BnF, Copte","130.5.130","(129-130)"
"273","MONB.AM","108123","108123","parchment","codex","501","700","France, Paris, BnF, Copte","131.5.069","(066-067)"
"273","MONB.AM","108123","108123","parchment","codex","501","700","France, Paris, BnF, Copte","131.7.61","(078-079)"
"273","MONB.AM","108123","108123","parchment","codex","501","700","France, Paris, BnF, Copte","132.1.33","(088-089)"
"273","MONB.AM","108123","108123","parchment","codex","501","700","France, Paris, BnF, Copte","132.1.34","(119-120)"
"273","MONB.AM","108123","108123","parchment","codex","501","700","France, Paris, BnF, Copte","132.1.45","(129-130%)"
"273","MONB.AM","108123","108123","parchment","codex","501","700","France, Paris, BnF, Copte","132.1.45","(129-130%)"
"273","MONB.AM","108123","108123","parchment","codex","501","700","France, Paris, BnF, Copte","132.3.256","(143-144%)"
"273","MONB.AM","108123","108123","parchment","codex","501","700","France, Paris, BnF, Copte","132.3.256",""
"273","MONB.AM","108123","108123","parchment","codex","501","700","France, Paris, BnF, Copte","133.1.005A","(143-144%)"
"273","MONB.AM","108123","108123","parchment","codex","501","700","France, Paris, BnF, Copte","133.1.007","(127-128)"
"273","MONB.AM","108123","108123","parchment","codex","501","700","France, Paris, BnF, Copte","133.1.007A","(086-087)"
"273","MONB.AM","108123","108123","parchment","codex","501","700","France, Paris, BnF, Copte","133.1.007B","(147-148)"
"273","MONB.AM","108123","108123","parchment","codex","501","700","France, Paris, BnF, Copte","133.1.007C","(143-144%)"
"273","MONB.AM","108123","108123","parchment","codex","501","700","France, Paris, BnF, Copte","133.1.007C","(143-144)"
"273","MONB.AM","108123","108123","parchment","codex","501","700","France, Paris, BnF, Copte","133.1.007D","(129-130%)"
"273","MONB.AM","108123","108123","parchment","codex","501","700","Egypt, Cairo, IFAO, Copte","s.n.","null"
"284","MONB.AX","108728","108728","papyrus","codex","301","400","Germany, Berlin, Staatliche Museen, P.","01862.1-2","(007-008)"
"284","MONB.AX","108728","108728","papyrus","codex","301","400","Germany, Berlin, Staatliche Museen, P.","01862.3-5","(011-013)"
"284","MONB.AX","108728","108728","papyrus","codex","301","400","Germany, Berlin, Staatliche Museen, P.","01862.6","(018-000)"
"284","MONB.AX","108728","108728","papyrus","codex","301","400","Germany, Berlin, Staatliche Museen, P.","01862.7-8","(021-022)"
"284","MONB.AX","108728","108728","papyrus","codex","301","400","France, Paris, BnF, Copte","135.12-15","(001-004)"
"284","MONB.AX","108728","108728","papyrus","codex","301","400","France, Paris, BnF, Copte","135.16-17","(005-006)"
"284","MONB.AX","108728","108728","papyrus","codex","301","400","France, Paris, BnF, Copte","135.18-19","(009-010)"
"284","MONB.AX","108728","108728","papyrus","codex","301","400","France, Paris, BnF, Copte","135.20-23","(014-017)"
"284","MONB.AX","108728","108728","papyrus","codex","301","400","France, Paris, BnF, Copte","135.24-25","(019-020)"
"287","MONB.BA","108394","108394","parchment","codex","601","800","United Kingdom, London, BL, Or.","8810.15-86","pp. 365-508"
"287","MONB.BA","108394","108394","parchment","codex","601","800","United Kingdom, London, BL, Or.","8810.87-88","pp. 511-514"
"287","MONB.BA","108394","108394","parchment","codex","601","800","United Kingdom, London, BL, Or.","8810.89-90","pp. 519-522"
"287","MONB.BA","108394","108394","parchment","codex","601","800","Italy, Napoli , Biblioteca Nazionale Vittorio Emanuele III, IB","6.1-4","pp. 49-56"
"287","MONB.BA","108394","108394","parchment","codex","601","800","Italy, Napoli , Biblioteca Nazionale Vittorio Emanuele III, IB","6.5","pp. 61-62"
"287","MONB.BA","108394","108394","parchment","codex","601","800","Italy, Napoli , Biblioteca Nazionale Vittorio Emanuele III, IB","6.6-7","pp. 115-118"
"287","MONB.BA","108394","108394","parchment","codex","601","800","Italy, Napoli , Biblioteca Nazionale Vittorio Emanuele III, IB","6.8-32","pp. 203-252"
"287","MONB.BA","108394","108394","parchment","codex","601","800","United Kingdom, Manchester, University of  Manchester Library - John Rylands Library, Crawford","24C",""
"287","MONB.BA","108394","108394","parchment","codex","601","800","United Kingdom, Manchester, University of  Manchester Library - John Rylands Library, Crawford","66",""
"287","MONB.BA","108394","108394","parchment","codex","601","800","Austria, Wien, Österreichische Nationalbibliothek - Papyrussammlung, K","965.1-3","pp. 125-130"
"287","MONB.BA","108394","108394","parchment","codex","601","800","Austria, Wien, Österreichische Nationalbibliothek - Papyrussammlung, K","965.4-6","pp. 135-140"
"288","MONB.BB","108395","108395","parchment","codex","601","800","Italy, Napoli , Biblioteca Nazionale Vittorio Emanuele III, IB","6.33-38","pp. 359-370"
"288","MONB.BB","108395","108395","parchment","codex","601","800","Italy, Napoli , Biblioteca Nazionale Vittorio Emanuele III, IB","6.39-40","pp. 699-702"
"288","MONB.BB","108395","108395","parchment","codex","601","800","Italy, Napoli , Biblioteca Nazionale Vittorio Emanuele III, IB","6.41","pp. 469-470"
"288","MONB.BB","108395","108395","parchment","codex","601","800","Italy, Napoli , Biblioteca Nazionale Vittorio Emanuele III, IB","6.42-46","pp. 553-562"
"288","MONB.BB","108395","108395","parchment","codex","601","800","Italy, Napoli , Biblioteca Nazionale Vittorio Emanuele III, IB","6.47-52","pp. 565-576"
"288","MONB.BB","108395","108395","parchment","codex","601","800","Italy, Napoli , Biblioteca Nazionale Vittorio Emanuele III, IB","6.53-59","pp. 581-594"
"288","MONB.BB","108395","108395","parchment","codex","601","800","The Netherlands, Leiden, Rijksmuseum van Oudheden","102","pp. 391-392"
"288","MONB.BB","108395","108395","parchment","codex","601","800","France, Paris, BnF, Copte","130.1.8-13","pp. 327-338"
"288","MONB.BB","108395","108395","parchment","codex","601","800","France, Paris, BnF, Copte","130.1.20","pp. 435-436"
"288","MONB.BB","108395","108395","parchment","codex","601","800","France, Paris, BnF, Copte","130.1.21","pp. 439-440"
"288","MONB.BB","108395","108395","parchment","codex","601","800","France, Paris, BnF, Copte","130.5.109-110",""
"288","MONB.BB","108395","108395","parchment","codex","601","800","Austria, Wien, Österreichische Nationalbibliothek - Papyrussammlung, K","9231","pp. 437-438"
"289","MONB.BC","108128","108128","parchment","codex","501","600","Italy, Napoli , Biblioteca Nazionale Vittorio Emanuele III, IB","1.38-41",""
"289","MONB.BC","108128","108128","parchment","codex","501","600","France, Paris, BnF, Copte","129.12.4-6",""
"289","MONB.BC","108128","108128","parchment","codex","501","600","Egypt, Cairo, IFAO, Copte","239","null"
"292","MONB.BF ","108126","108126","parchment","codex","601","800","Egypt, Cairo, Coptic Museum","9256.1-2",""
"292","MONB.BF ","108126","108126","parchment","codex","601","800","Egypt, Cairo, Coptic Museum","390",""
"292","MONB.BF ","108126","108126","parchment","codex","601","800","Italy, Napoli , Biblioteca Nazionale Vittorio Emanuele III, IB","7.22-23","pp. 35-38"
"292","MONB.BF ","108126","108126","parchment","codex","601","800","U.S.A., Ann Arbor (MI), University of Michigan Library, Ms.","158.21",""
"292","MONB.BF ","108126","108126","parchment","codex","601","800","France, Paris, BnF, Copte","131.4.148","(pp. 45-46)"
"292","MONB.BF ","108126","108126","parchment","codex","601","800","France, Paris, BnF, Copte","131.8.117",""
"292","MONB.BF ","108126","108126","parchment","codex","601","800","France, Paris, BnF, Copte","131.8.130",""
"356","MONB.EC","null","null","parchment","codex","601","800","United Kingdom, London, BL, Or.","3581B.69","f. 216"
"356","MONB.EC","null","null","parchment","codex","601","800","United Kingdom, Oxford, Bodleian Library, Clarendon Press","B28","f. <84>"
"356","MONB.EC","null","null","parchment","codex","601","800","United Kingdom, Oxford, Bodleian Library, Clarendon Press","B46","f. 211"
"356","MONB.EC","null","null","parchment","codex","601","800","United Kingdom, Oxford, Bodleian Library, Clarendon Press","B47.1-3","ff. 79-81"
"356","MONB.EC","null","null","parchment","codex","601","800","United Kingdom, Oxford, Bodleian Library, Clarendon Press","B47.4-5",""
"356","MONB.EC","null","null","parchment","codex","601","800","Italy, Napoli , Biblioteca Nazionale Vittorio Emanuele III, IB","2.35","f. 175"
"356","MONB.EC","null","null","parchment","codex","601","800","United Kingdom, Manchester, University of  Manchester Library - John Rylands Library, Crawford","35","ff. 124-127"
"356","MONB.EC","null","null","parchment","codex","601","800","France, Paris, BnF, Copte","132.1.3","f. 85"
"356","MONB.EC","null","null","parchment","codex","601","800","France, Paris, BnF, Copte","132.4.319","pp. 173-174 (!)"
"424","MONB.HE","107887","107887","parchment","codex","401","600","United Kingdom, London, BL, Or.","3518","(118-149)"
"424","MONB.HE","107887","107887","parchment","codex","401","600","Germany, Berlin, Staatsbibliothek zu Berlin - Preußischer Kulturbesitz, Ms. or. oct.","408","(001-117)"
"627","MONB.YA","108371","108371","parchment","codex","601","800","Italy, Napoli , Biblioteca Nazionale Vittorio Emanuele III, IB","2.26-27","pp. 517-520"
"627","MONB.YA","108371","108371","parchment","codex","601","800","Italy, Napoli , Biblioteca Nazionale Vittorio Emanuele III, IB","2.28-30","pp. 525-530"
"627","MONB.YA","108371","108371","parchment","codex","601","800","Italy, Napoli , Biblioteca Nazionale Vittorio Emanuele III, IB","2.31-33","pp. 535-540"
"627","MONB.YA","108371","108371","parchment","codex","601","800","Italy, Napoli , Biblioteca Nazionale Vittorio Emanuele III, IB","2.34",""
"627","MONB.YA","108371","108371","parchment","codex","601","800","Italy, Napoli , Biblioteca Nazionale Vittorio Emanuele III, IB","2.36","pp. 289-290"
"627","MONB.YA","108371","108371","parchment","codex","601","800","Italy, Napoli , Biblioteca Nazionale Vittorio Emanuele III, IB","17.63-66","pp. 293-300"
"627","MONB.YA","108371","108371","parchment","codex","601","800","Italy, Napoli , Biblioteca Nazionale Vittorio Emanuele III, IB","17.67","pp. 303-304"
"627","MONB.YA","108371","108371","parchment","codex","601","800","Italy, Napoli , Biblioteca Nazionale Vittorio Emanuele III, IB","17.68-71","pp. 309-316"
"627","MONB.YA","108371","108371","parchment","codex","601","800","Italy, Napoli , Biblioteca Nazionale Vittorio Emanuele III, IB","17.72-75","pp. 421-428"
"627","MONB.YA","108371","108371","parchment","codex","601","800","The Netherlands, Leiden, Rijksmuseum van Oudheden","129","pp. 255-256"
"627","MONB.YA","108371","108371","parchment","codex","601","800","France, Paris, BnF, Copte","130.1.37","pp. 257-258"
"627","MONB.YA","108371","108371","parchment","codex","601","800","France, Paris, BnF, Copte","130.4.110-111","pp. 551-554"
"627","MONB.YA","108371","108371","parchment","codex","601","800","France, Paris, BnF, Copte","130.5.21-22","pp. 547-550"
"660","MONB.ZY","108141","108141","parchment","codex","501","600","Egypt, Cairo, IFAO, Copte","","pp. 45-48"
"660","MONB.ZY","108141","108141","parchment","codex","501","600","Egypt, Cairo, IFAO, Copte","","pp. 57-60"
"660","MONB.ZY","108141","108141","parchment","codex","501","600","United Kingdom, Oxford, Bodleian Library, Clarendon Press","B57.1-4","pp. 49-56"
"660","MONB.ZY","108141","108141","parchment","codex","501","600","France, Paris, BnF, Copte","129.12.64",""
"660","MONB.ZY","108141","108141","parchment","codex","501","600","Canada, Toronto, University of Toronto - Thomas Fisher Rare Book Library","A1.1-2",""
"660","MONB.ZY","108141","108141","parchment","codex","501","600","Austria, Wien, Österreichische Nationalbibliothek - Papyrussammlung, K","9513",""
"662","NHAM.01","107741","107741","papyrus","codex","301","400","Egypt, Cairo, Coptic Museum, NH","10554",""
"663","NHAM.02","107742","107742","papyrus","codex","301","400","Egypt, Cairo, Coptic Museum, NH","10544",""
"664","NHAM.03","107743","107743","papyrus","codex","301","400","Egypt, Cairo, Coptic Museum, NH","04851",""
"665","NHAM.04","107744","107744","papyrus","codex","301","400","Egypt, Cairo, Coptic Museum, NH","10552",""
"666","NHAM.05","107745","107745","papyrus","codex","301","400","Egypt, Cairo, Coptic Museum, NH","10548",""
"667","NHAM.06","107746","107746","papyrus","codex","301","400","Egypt, Cairo, Coptic Museum, NH","10549",""
"668","NHAM.07","107747","107747","papyrus","codex","351","400","Egypt, Cairo, Coptic Museum, NH","10546",""
"669","NHAM.08","107748","107748","papyrus","codex","301","400","Egypt, Cairo, Coptic Museum, NH","10550",""
"670","NHAM.09","107749","107749","papyrus","codex","301","400","Egypt, Cairo, Coptic Museum, NH","10553",""
"671","NHAM.10","107750","107750","papyrus","codex","301","400","Egypt, Cairo, Coptic Museum, NH","10551",""
"672","NHAM.11","107751","107751","papyrus","codex","351","400","Egypt, Cairo, Coptic Museum, NH","10547",""
"673","NHAM.12","107752","107752","papyrus","codex","301","400","Egypt, Cairo, Coptic Museum, NH","10555",""
"674","NHAM.13","107753","107753","papyrus","codex","301","400","Egypt, Cairo, Coptic Museum, NH","10545",""
"686","MONB.MW","107764","107764","papyrus","codex","301","400","Germany, Berlin, Staatsbibliothek zu Berlin - Preußischer Kulturbesitz, Ms. or. fol.","3065",""
"704","CMCL.AR","108321","108321","papyrus","codex","501","700","United Kingdom, London, BL, Or.","05984","(xxx-xxx)"
"713","null","113913","113913","papyrus","codex","676","800","Egypt, Cairo, Coptic Museum","13448","null"
"714","null","111689","111689","papyrus","codex","676","800","Egypt, Cairo, Coptic Museum","13447","null"
"716","null","107877","107877","papyrus","codex","401","600","U.S.A., Ann Arbor (MI), University of Michigan Library, P.","1289","01-10"
"718","null","108080","108080","papyrus","codex","601","700","Spain, Barcelona, Arxiu Històric de la Companya de Jesús a Catalunya, Palau Ribes","136","null"
"719","null","108404","108404","parchment","codex","401","500","Germany, Berlin, Staatliche Museen, P.","11948 (1)",""
"719","null","108404","108404","parchment","codex","401","500","Germany, Berlin, Staatliche Museen, P.","11948 (2)",""
"721","null","107738","107738","papyrus","codex","301","500","Germany, Berlin, Staatliche Museen, P.","20915","null"
"722","null","108298","108298","papyrus","codex","501","700","Germany, Berlin, Staatliche Museen, P.","22081","1-2"
"723","null","108299","108299","papyrus","codex","601","700","Germany, Berlin, Staatliche Museen, P.","22112","1-2"
"723","null","108299","108299","papyrus","codex","601","700","Germany, Berlin, Staatliche Museen, P.","22112","3"
"727","null","107736","107736","parchment","codex","501","600","Germany, Berlin, Staatliche Museen, P.","22220","null"
"728","null","108230","108230","papyrus","codex","501","700","Germany, Berlin, Staatliche Museen, P.","3212","null"
"731","null","107765","107765","papyrus","codex","401","500","Germany, Berlin, Staatliche Museen, P.","8502","null"
"732","null","107964","107964","parchment","codex","401","500","Germany, Berlin, Staatliche Museen, P.","8773","null"
"735","null","108325","108325","parchment","codex","501","700","Germany, Berlin, Staatliche Museen, P.","9009","1-6"
"737","null","108232","108232","papyrus","codex","601","800","Germany, Berlin, Staatliche Museen, P.","9036 + 9037","null"
"739","null","108250","108250","parchment","codex","475","524","Germany, Berlin, Staatliche Museen, P.","9096","null"
"740","null","126162","126162","parchment","codex","501","700","Germany, Berlin, Staatliche Museen, P.","9531","null"
"741","null","220470","220470","parchment","codex","501","700","United Kingdom, London, BL, Add.","14665","null"
"747","null","108131","108131","papyrus","horizontal roll","601","700","Ireland, Dublin, Chester Beatty Library, Ac","1494","null"
"748","null","108132","108132","papyrus","horizontal roll","601","700","Ireland, Dublin, Chester Beatty Library, Ac","1495","null"
"749","null","61614","2763","papyrus","codex","301","400","Ireland, Dublin, Chester Beatty Library, Ac","1390","null"
"750","null","107784","107784","papyrus","single leaf","351","400","U.S.A., Durham (NC), Duke Unversity Library","438","null"
"754","null","107957","107957","parchment","codex","401","600","Belgium, Leuven, Katholieke Universiteit Leuven","7","1-2"
"758","null","108007","108007","papyrus","codex","601","700","Belgium, Leuven, Katholieke Universiteit Leuven","39","ff. 1-3"
"770","null","108756","108756","papyrus","horizontal roll","526","575","United Kingdom, London, BL, Or.","11173 (3a-c)","null"
"787","null","108053","108053","parchment","codex","501","600","United Kingdom, London, BL, Or.","5299 (1)","null"
"787","null","108053","108053","parchment","codex","501","600","Austria, Wien, Österreichische Nationalbibliothek - Papyrussammlung, K","8650","null"
"819","null","108311","108311","papyrus","codex","501","800","United Kingdom, London, BL, Or.","7561 (49)-(51)","null"
"820","null","108059","108059","papyrus","codex","601","800","United Kingdom, London, BL, Or.","7561 (58)(59)","null"
"821","null","108061","108061","papyrus","codex","601","800","United Kingdom, London, BL, Or.","7561 (70)","null"
"821","null","108061","108061","papyrus","codex","601","800","United Kingdom, London, BL, Or.","7561 (71)","null"
"821","null","108061","108061","papyrus","codex","601","800","United Kingdom, London, BL, Or.","07561 (72)","null"
"821","null","108061","108061","papyrus","codex","601","800","United Kingdom, London, BL, Or.","7561 (77)(78)","null"
"821","null","108061","108061","papyrus","codex","601","800","United Kingdom, London, BL, Or.","7561 (79)","null"
"821","null","108061","108061","papyrus","codex","601","800","United Kingdom, London, BL, Or.","7561 (100)-(102)","null"
"823","null","108062","108062","papyrus","codex","601","800","United Kingdom, London, BL, Or.","7561 (80)","null"
"823","null","108062","108062","papyrus","codex","601","800","United Kingdom, London, BL, Or.","7561 (118)","null"
"826","null","108063","108063","papyrus","codex","601","800","United Kingdom, London, BL, Or.","7561 (107)","null"
"826","null","108063","108063","papyrus","codex","601","800","United Kingdom, London, BL, Or.","7561 (109)(110)","null"
"830","null","108060","108060","papyrus","codex","651","800","United Kingdom, London, BL, Or.","7561 (60)","null"
"830","null","108060","108060","papyrus","codex","651","800","United Kingdom, London, BL, Or.","7561 (61)(62)","null"
"830","null","108060","108060","papyrus","codex","651","800","United Kingdom, London, BL, Or.","7561 (67)-(69)","null"
"830","null","108060","108060","papyrus","codex","651","800","United Kingdom, London, BL, Or.","7561 (96)(97)","null"
"839","null","107983","107983","parchment","codex","451","500","United Kingdom, London, BL, Or.","9035 (45)(46)(49)","null"
"841","null","107982","107982","papyrus","horizontal roll","401","500","United Kingdom, London, BL, Or.","9271","null"
"858","null","61982","3141","papyrus","horizontal roll","175","250","United Kingdom, London, BM, EA","10825","null"
"868","null","107970","107970","parchment","codex","301","400","United Kingdom, Manchester, University of  Manchester Library - John Rylands Library, Suppl.Copt.","44","null"
"869","null","108317","108317","papyrus","horizontal roll","596","596","United Kingdom, Manchester, University of  Manchester Library - John Rylands Library, Suppl.Copt.","47-48","null"
"870","null","697442","697442","parchment","codex","501","600","Spain, Monsterrat, Abbey of Montserrat, Roca","inv. 735","null"
"873","null","108158","108158","papyrus","codex","701","800","Russian Federation, Moscow, Puškin Museum ","I.1.B 629","1-4"
"881","null","108053","108053","papyrus","codex","651","750","U.S.A., New York (NY), The Morgan Library and Museum","C 1","null"
"882","null","108592","108592","papyrus","codex","651","750","U.S.A., New York (NY), The Morgan Library and Museum","C 10","1-4"
"903","null","108587","108587","papyrus","codex","651","750","U.S.A., New York (NY), The Morgan Library and Museum","C 3","null"
"905","null","108588","108588","papyrus","codex","651","750","U.S.A., New York (NY), The Morgan Library and Museum","C 4","1"
"905","null","108588","108588","papyrus","codex","651","750","U.S.A., New York (NY), The Morgan Library and Museum","C 4","2"
"906","null","108589","108589","papyrus","codex","651","750","U.S.A., New York (NY), The Morgan Library and Museum","C 5","null"
"907","null","108590","108590","papyrus","codex","651","750","U.S.A., New York (NY), The Morgan Library and Museum","C 6","null"
"908","null","108560","108560","papyrus","codex","651","750","U.S.A., New York (NY), The Morgan Library and Museum","C 7","null"
"909","null","108591","108591","papyrus","codex","651","750","U.S.A., New York (NY), The Morgan Library and Museum","C 8","null"
"910","null","108401","108401","papyrus","codex","651","750","U.S.A., New York (NY), The Morgan Library and Museum","C 9.1","(001-002)?"
"910","null","108401","108401","papyrus","codex","651","750","U.S.A., New York (NY), The Morgan Library and Museum","C 9.5","(015-016)"
"910","null","108401","108401","papyrus","codex","651","750","U.S.A., New York (NY), The Morgan Library and Museum","C 9.6","(017-018)"
"910","null","108401","108401","papyrus","codex","651","750","U.S.A., New York (NY), The Morgan Library and Museum","C 9.7","(019-020)"
"910","null","108401","108401","papyrus","codex","651","750","U.S.A., New York (NY), The Morgan Library and Museum","C 9.2-4","null"
"910","null","108401","108401","papyrus","codex","651","750","U.S.A., New York (NY), The Morgan Library and Museum","C 9.8-13","null"
"922","null","112555","112555","terracotta","ostrakon","501","700","U.S.A., New York (NY), The Metropolitan Museum of Art","12.180.114","null"
"923","null","112574","112574","terracotta","ostrakon","501","700","U.S.A., New York (NY), The Metropolitan Museum of Art","12.180.232","null"
"924","null","112422","112422","papyrus","codex","501","550","U.S.A., New York (NY), The Metropolitan Museum of Art","12.180.268","null"
"925","null","112573","112573","papyrus","codex","501","700","U.S.A., New York (NY), The Metropolitan Museum of Art","12.180.269","null"
"926","null","112570","112570","stone","ostrakon","501","700","U.S.A., New York (NY), The Metropolitan Museum of Art","12.180.58","null"
"927","null","112556","112556","stone","ostrakon","508","650","U.S.A., New York (NY), The Metropolitan Museum of Art","12.180.62","null"
"928","null","112563","112563","stone","ostrakon","501","700","U.S.A., New York (NY), The Metropolitan Museum of Art","12.180.63","null"
"929","null","112576","112576","stone","ostrakon","501","700","U.S.A., New York (NY), The Metropolitan Museum of Art","12.180.64","null"
"930","null","112572","112572","stone","ostrakon","501","700","U.S.A., New York (NY), The Metropolitan Museum of Art","12.180.76","null"
"931","null","112419","112419","stone","ostrakon","601","800","U.S.A., New York (NY), The Metropolitan Museum of Art","14.1.119","null"
"932","null","108512","108512","parchment","codex","601","800","U.S.A., New York (NY), The Metropolitan Museum of Art","14.1.480","null"
"933","null","62215","3375","papyrus","codex","501","700","U.S.A., New York (NY), The Metropolitan Museum of Art","14.1.481","null"
"934","null","108528","108528","papyrus","codex","601","800","U.S.A., New York (NY), The Metropolitan Museum of Art","14.1.482","null"
"936","null","112550","112550","stone","ostrakon","501","700","U.S.A., New York (NY), The Metropolitan Museum of Art","14.1.64","null"
"937","null","112579","112579","terracotta","ostrakon","501","700","U.S.A., New York (NY), The Metropolitan Museum of Art","14.1.84","null"
"938","null","112418","112418","stone","ostrakon","601","800","U.S.A., New York (NY), The Metropolitan Museum of Art","14.1.86r","null"
"939","null","61839","2993","papyrus","codex","301","400","Norway, Oslo, Universitetsbiblioteket","P. 1661","null"
"982","null","107828","107828","parchment","codex","301","425","United Kingdom, Oxford, Bodleian Library, Copt.","f 7","null"
"992","null","61276","2418","wood","polyptych","276","300","United Kingdom, Oxford, Bodleian Library, Chester","Gk. Inscr. 3019","null"
"997","null","700769","700769","papyrus","codex","601","750","Egypt, Luxor, SCA storehouse (Carter house)","Box. 21, P. 10 (vitre 6)","null"
"998","null","700767","700767","papyrus","codex","601","750","Egypt, Luxor, SCA storehouse (Carter house)","Box. 21, P. 11 (vitre 13)","null"
"999","null","700765","700765","papyrus","codex","601","750","Egypt, Luxor, SCA storehouse (Carter house)","Box. 21, P. 15 (vitre 13)","null"
"1000","null","700768","700768","papyrus","codex","601","750","Egypt, Luxor, SCA storehouse (Carter house)","Box. 21, P.18 (vitre 21)","null"
"1003","null","107890","107890","papyrus","codex","301","400","France, Paris, BnF, Copte","135.3.26-32","null"
"1004","null","107963","107963","papyrus","horizontal roll","301","400","France, Paris, BnF, Copte","135.1.8-10","null"
"1005","null","107966","107966","papyrus","codex","301","400","France, Paris, BnF, Copte","135.1.1-2","null"
"1005","null","107966","107966","papyrus","codex","301","400","France, Paris, BnF, Copte","135.1.3-4","null"
"1005","null","107966","107966","papyrus","codex","301","400","France, Paris, BnF, Copte","135.1.5-6","null"
"1006","null","108610","108610","papyrus","codex","301","400","France, Paris, BnF, Copte","135.1.7","null"
"1007","null","107882","107882","papyrus","codex","301","400","France, Paris, BnF, Copte","135.1.11","null"
"1008","null","108360","108360","papyrus","codex","501","600","France, Paris, BnF, Copte","155","null"
"1009","null","108188","108188","parchment","codex","401","500","France, Paris, BnF, Copte","157","null"
"1009","null","108188","108188","parchment","codex","401","500","Austria, Wien, Österreichische Nationalbibliothek - Papyrussammlung, K","11000","null"
"1011","null","108436","108436","papyrus","codex","501","600","France, Paris, Institut de Papyrologie de la Sorbonne","2632","null"
"1020","null","61656","2806","papyrus","codex","451","500","France, Strasbourg, Bibliothèque Nationale et Universitaire, Copte","362-363 + 365 + 367-369 + 371-385","null"
"1022","null","108402","108402","papyrus","codex","375","425","Ireland, Dublin, Chester Beatty Library","2018","null"
"1028","null","107972","107972","papyrus","horizontal roll","413","500","Austria, Wien, Österreichische Nationalbibliothek - Papyrussammlung, K","10157","null"
"1056","null","113547","113547","papyrus","codex","501","700","U.S.A., Washington, Smithsonian Institute, Freer","08.45g4","null"
"1120","null","219761","null","terracotta","ostrakon","701","750","Egypt, Luxor, SCA storehouse (Carter house)","292472 + 292477","null"
"1121","null","172223","172223","stone","ostrakon","501","900","West Thebes Supreme Council of Antiquities Storehouse","Inv. No. 07/1D/06","null"
"1122","null","641969","641696","papyrus","codex","501","900","West Thebes Supreme Council of Antiquities Storehouse","03/ID/06","null"
"1125","null","107731","107731","parchment","codex","375","450","Egypt, Cairo, Coptic Museum","12488","null"
"1126","null","108027","108027","parchment","codex","401","550","Egypt, Cairo, Coptic Museum","851.1","null"
"1127","null","108688","108688","parchment","codex","401","600","Egypt, Cairo, Coptic Museum","862.1","null"
"1130","null","112551","112551","terracotta","ostrakon","578","700","Egypt, Cairo, Coptic Museum, JdE","44674.101","null"
"1131","GIOV.AS","107915","107915","parchment","codex","401","600","Italy, Torino, Museo Egizio","Provv. 7117","ff. (i) + 1-115"
"1132","null","108562","108562","parchment","codex","501","600","Italy, Torino, Museo Egizio","Provv. 7117","f. 116"
"1133","null","108563","108563","parchment","codex","401","600","Italy, Torino, Museo Egizio","Provv. 7117","frr. 1-3"
"1134","null","112560","112560","stone","ostrakon","501","700","Egypt, Cairo, Coptic Museum, JdE","44674.107","null"
"1135","null","112553","112553","stone","ostrakon","578","700","Egypt, Cairo, Coptic Museum, JdE","44674.116","null"
"1136","null","112554","112554","stone","ostrakon","501","700","Egypt, Cairo, Coptic Museum, JdE","44674.125","null"
"1137","null","112552","112552","terracotta","ostrakon","578","700","Egypt, Cairo, Coptic Museum, JdE","44674.127","null"
"1138","null","112557","112557","terracotta","ostrakon","550","650","Egypt, Cairo, Coptic Museum, JdE","44674.15","null"
"1139","null","112568","112568","stone","ostrakon","501","700","Egypt, Cairo, Coptic Museum, JdE","44674.178","null"
"1140","null","112562","112562","terracotta","ostrakon","501","700","Egypt, Cairo, Coptic Museum, JdE","44674.191","null"
"1141","null","112542","112542","terracotta","ostrakon","501","700","Egypt, Cairo, Coptic Museum, JdE","44674.33v","null"
"1142","null","112549","112549","terracotta","ostrakon","501","700","Egypt, Cairo, Coptic Museum, JdE","44674.46","null"
"1143","null","112558","112558","terracotta","ostrakon","501","700","Egypt, Cairo, Coptic Museum, JdE","44674.54 + 46304.15","null"
"1144","null","112559","112559","stone","ostrakon","501","700","Egypt, Cairo, Coptic Museum, JdE","44674.92","null"
"1145","null","112571","112571","terracotta","ostrakon","501","700","Egypt, Cairo, Coptic Museum, JdE","46304.35","null"
"1146","null","112577","112577","terracotta","ostrakon","501","700","Egypt, Cairo, Coptic Museum, JdE","46304.58","null"
"1147","null","112566","112566","terracotta","ostrakon","501","700","Egypt, Cairo, Coptic Museum, JdE","46304.63","null"
"1148","null","112421","112421","terracotta","ostrakon","501","700","Egypt, Cairo, Coptic Museum, JdE","46304.67","null"
"1153","null","65174","6416","papyrus","codex","601","650","Egypt, Cairo, Coptic Museum, JdE","44689","null"
"1157","null","107888","107888","papyrus","horizontal roll","301","400","Egypt, Cairo, IFAO, Grec","379v","null"
"1157","null","107888","107888","papyrus","horizontal roll","301","400","The Netherlands, Leiden, Rijksmuseum van Oudheden","F1949","null"
"1158","null","382619","382619","parchment","codex","401","600","U.S.A., Cambridge (MA), Harvard University - Sackler Art Museum","1984.669","null"
"1160","null","108078","108078","papyrus","codex","501","600","Ireland, Dublin, Chester Beatty Library","54","null"
"1166","null","61817","2971","parchment","codex","401","600","Ireland, Dublin, Trinity College","Pap. F 138","null"
"1170","null","290110","290110","papyrus","single leaf","401","600","Italy, Firenze, Istituto Papirologico 'G. Vitelli'","C 55","null"
"1178","null","107965","107965","papyrus","codex","301","400","Belgium, Leuven, Katholieke Universiteit Leuven, Lefort","1-3 a, b, c",""
"1178","null","107965","107965","papyrus","codex","301","400","Belgium, Louvain-la-Neuve, Archives, Fonds Lefort","1-5","null"
"1185","null","754108","754108","parchment","codex","501","600","Egypt, al-Šayḫ ʽIbādah, Storehouse of the Italian Archaeological Mission","PSI inv. Ant. 349","null"
"1186","null","113254","113254","parchment","codex","401","500","Egypt, al-Šayḫ ʽIbādah, Storehouse of the Italian Archaeological Mission","P.Ant. inv. 1017","null"
"1187","null","113253","113253","parchment","codex","401","500","Egypt, al-Šayḫ ʽIbādah, Storehouse of the Italian Archaeological Mission","18.10.2005 E I","null"
"1188","null","113257","113257","parchment","codex","451","500","Egypt, al-Šayḫ ʽIbādah, Storehouse of the Italian Archaeological Mission","26.01.2006 C4 III","null"
"1189","null","113252","113252","parchment","codex","401","500","Egypt, al-Ašmūnayn, Storehouse","inv. 345","null"
"1191","null","113256","113256","papyrus","codex","601","800","Egypt, al-Ašmūnayn, Storehouse","P.Ant. inv. 666","null"
"1207","null","112578","112578","terracotta","ostrakon","501","700","U.S.A., New York (NY), The Metropolitan Museum of Art","12.180.42","null"
"1219","null","107733","107733","papyrus","codex","301","350","Norway, Oslo, The Schøyen Collection","MS 2650","null"
"1220","null","null","null","papyrus","codex","601","800","Egypt, Cairo, Coptic Museum","no number","null"
"1221","null","null","null","parchment","codex","401","450","Norway, Oslo, The Schøyen Collection","MS 114","null"
"1222","null","107772","107772","parchment","codex","401","600","Norway, Oslo, The Schøyen Collection","MS 1365","null"
"1223","null","null","null","papyrus","codex","301","400","Norway, Oslo, The Schøyen Collection","MS 2337","null"
"1235","","108314","108314","stone","ostrakon","601","700","Germany, Berlin, Staatliche Museen, P.","14700","null"
"1371","null","107763","107763","papyrus","codex","301","400","United Kingdom, London, BL, Or.","7594","null"
"1417","null","108694","108694","parchment","codex","601","800","U.S.A., New York (NY), The Morgan Library and Museum","M660","ff. (i) + 1-6 + 6A + 7-14 + 14A + 15-20 + 20A + 21-25 + 25A + 26-27 + 27A + 28-29 + 29A + 30-35 + (36)"
"1417","null","108694","108694","parchment","codex","601","800","U.S.A., Ann Arbor (MI), University of Michigan Library, Ms.","158.9","ff. 1-3"
"1579","null","108499","108499","terracotta","ostrakon","601","800","U.S.A., New York (NY), The Metropolitan Museum of Art","12.180.161","null"
"1580","null","108513","108513","terracotta","ostrakon","601","800","U.S.A., New York (NY), The Metropolitan Museum of Art","14.1.124","null"
"1582","null","112546","112546","papyrus","codex","601","700","U.S.A., New York (NY), The Metropolitan Museum of Art","12.180.266","null"
"1583","null","108514","108514","terracotta","ostrakon","601","800","Egypt, Cairo, Coptic Museum"," JdE 44674.135 Ro","null"
"1584","null","108515","108515","stone","ostrakon","601","800","U.S.A., New York (NY), The Metropolitan Museum of Art","12.180.71","null"
"1585","null","108516","108516","terracotta","ostrakon","601","800","Egypt, Cairo, Coptic Museum"," JdE 44674.174","null"
"1586","null","108517","108517","terracotta","ostrakon","601","800","U.S.A., New York (NY), The Metropolitan Museum of Art","14.1.103","null"
"1587","null","108518","108518","terracotta","ostrakon","576","800","U.S.A., New York (NY), The Metropolitan Museum of Art","14.1.81","null"
"1588","null","108519","108519","terracotta","ostrakon","601","800","Egypt, Cairo, Coptic Museum"," JdE 44674.2","null"
"1589","null","108520","108520","terracotta","ostrakon","601","700","Egypt, Cairo, Coptic Museum","JdE 46304.21 Vo","null"
"1590","null","108521","108521","stone","ostrakon","601","700","Egypt, Cairo, Coptic Museum","JdE 46304.29","null"
"1591","null","108522","108522","stone","ostrakon","601","800","U.S.A., New York (NY), The Metropolitan Museum of Art","14.1.88","null"
"1592","null","108523","108523","terracotta","ostrakon","601","800","Egypt, Cairo, Coptic Museum"," JdE 46304.47","null"
"1593","null","108524","108524","terracotta","ostrakon","601","800","Egypt, Cairo, Coptic Museum"," JdE 46304.40","null"
"1594","null","108526","108526","terracotta","ostrakon","601","800","Egypt, Cairo, Coptic Museum"," JdE 46304.42","null"
"1595","null","108527","108527","terracotta","ostrakon","601","800","U.S.A., New York (NY), The Metropolitan Museum of Art","12.180.211","null"
"1596","null","108529","108529","terracotta","ostrakon","601","800","Egypt, Cairo, Coptic Museum"," JdE 44674.118","null"
"1597","null","112417","112417","terracotta","ostrakon","601","800","U.S.A., New York (NY), The Metropolitan Museum of Art","14.1.96","null"
"1598","null","112531","112531","terracotta","ostrakon","401","600","Egypt, Cairo, Coptic Museum"," JdE 44674.70","null"
"1599","null","112533","112533","stone","ostrakon","601","800","Egypt, Cairo, Coptic Museum"," JdE 44674.112","null"
"1600","null","112534","112534","terracotta","ostrakon","501","700","U.S.A., New York (NY), The Metropolitan Museum of Art","12.180.194","null"
"1601","null","112535","112535","terracotta","ostrakon","501","700","U.S.A., New York (NY), The Metropolitan Museum of Art","12.180.216","null"
"1602","null","112537","112537","terracotta","ostrakon","501","700","U.S.A., New York (NY), The Metropolitan Museum of Art","12.180.122","null"
"1603","null","112536","112536","terracotta","ostrakon","501","700","U.S.A., New York (NY), The Metropolitan Museum of Art","12.180.122 + Cairo JdE 44674.3","null"
"1604","null","112538","112538","stone","ostrakon","501","700","Egypt, Cairo, Coptic Museum","JdE 44674.131","null"
"1611","null","112539","12539","terracotta","ostrakon","501","700","U.S.A., New York (NY), The Metropolitan Museum of Art","12.180.141","null"
"1612","null","112540","112540","terracotta","ostrakon","501","700","U.S.A., New York (NY), The Metropolitan Museum of Art","14.1.83","null"
"1613","null","112541","112541","terracotta","ostrakon","501","700","Egypt, Cairo, Coptic Museum","JdE 44674.33 Ro","null"
"1614","null","112543","112543","terracotta","ostrakon","501","700","U.S.A., New York (NY), The Metropolitan Museum of Art","12.180.214","null"
"1615","null","112544","112544","terracotta","ostrakon","501","700","Egypt, Cairo, Coptic Museum","JdE 46304 . 103","null"
"1616","null","112545","null","terracotta","ostrakon","501","700","U.S.A., New York (NY), The Metropolitan Museum of Art","14.1.24","null"
"1618","null","112564","112564","stone","ostrakon","501","700","Egypt, Cairo, Coptic Museum","JdE 44674.175","null"
"1619","null","112567","112567","terracotta","ostrakon","501","700","U.S.A., New York (NY), The Metropolitan Museum of Art","12.180.182","null"
"1620","null","112569","112569","terracotta","ostrakon","501","700","Egypt, Cairo, Coptic Museum","JdE 44674.34","null"
"1621","null","112707","112707","terracotta","ostrakon","601","800","U.S.A., New York (NY), The Metropolitan Museum of Art","14.1.93","null"
"1622","null","108849","108849","terracotta","ostrakon","601","900","U.S.A., New York (NY), The Metropolitan Museum of Art","12.180.104","null"
"1623","null","108525","108525","terracotta","ostrakon","601","800","U.S.A., New York (NY), The Metropolitan Museum of Art","14.1.129","null"
"1629","null","107795","107795","papyrus","codex","301","425","Italy, Milano, Centro Interdipartimentale di Papirologia Achille Vogliano","P.Mil.Vogl. Copti 1","null"
"1700","null","112657","112657","parchment","single leaf","501","700","United Kingdom, London, BL, Or.","4919.2","null"
"1701","null","111688","111688","parchment","single leaf","401","900","United Kingdom, London, BL, Or.","4919.3","null"
"1702","null","91442","null","parchment","single leaf","301","500","Austria, Wien, Österreichische Nationalbibliothek - Papyrussammlung, K","78","null"
"1704","null","91418","91418","parchment","single leaf","401","500","Austria, Wien, Österreichische Nationalbibliothek - Papyrussammlung, K","8636","null"
"1747","null","107875","107875","papyrus","codex","301","400","U.S.A., Ann Arbor (MI), University of Michigan Library, P.","926","null"
"1784","null","107777","107777","parchment","vertical roll","401","600","Germany, Cologne, Papyrussammlung der Universität zu Köln","03286","null"
"1785","null","101251","101251","parchment","vertical roll","476","600","Germany, Cologne, Papyrussammlung der Universität zu Köln","03287","null"
"1869","null","108130","108130","parchment","vertical roll","501","600","Ireland, Dublin, Chester Beatty Library, Ac","1486","null"
"2207","null","107979","107979","papyrus","codex","301","500","U.S.A., Ann Arbor (MI), University of Michigan Library, P.","3520","null"
"2249","null","107948","107948","parchment","codex","501","600","United Kingdom, London, BL, Or.","6695","ff. (i) + 1-52 + (53)"
"2249","null","107948","107948","parchment","codex","501","600","United Kingdom, London, BL, Or.","4917.5","ff. 1-3"
"2310","null","107779","107779","papyrus","codex","301","400","U.S.A., Ann Arbor (MI), University of Michigan Library, P.","5421","null"
"2321","null","108259","108259","parchment","codex","501","600","Germany, Berlin, Staatliche Museen, P.","11949.1-2","null"
"2321","null","108259","108259","parchment","codex","501","600","Germany, Berlin, Staatliche Museen, P.","15937","null"
"2401","null","108437","108437","parchment","codex","501","800","Austria, Wien, Österreichische Nationalbibliothek - Papyrussammlung, K","2583","null"
"2401","null","108437","108437","parchment","codex","501","800","Austria, Wien, Österreichische Nationalbibliothek - Papyrussammlung, K","3275","null"
"2401","null","108437","108437","parchment","codex","501","800","Austria, Wien, Österreichische Nationalbibliothek - Papyrussammlung, K","3274","null"
"2401","null","108437","108437","parchment","codex","501","800","Austria, Wien, Österreichische Nationalbibliothek - Papyrussammlung, K","2862","null"
"2401","null","108437","108437","parchment","codex","501","800","Austria, Wien, Österreichische Nationalbibliothek - Papyrussammlung, K","2865","null"
"2651","null","62320","3483","papyrus","codex","551","600","Austria, Wien, Österreichische Nationalbibliothek - Papyrussammlung, K","8706","null"
"2672","null","107894","107894","parchment","codex","501","700","United Kingdom, Manchester, University of  Manchester Library - John Rylands Library, Copt.","7.1-2","null"
"2695","null","65434","6681","parchment","single leaf","701","900","United Kingdom, London, BL, Or.","5297(4)","null"
"2853","null","244013","244013","papyrus","codex","401","500","United Kingdom, Cambridge, University Library, Michael.","1112","null"
"2882","null","108214","108214","papyrus","codex","401","700","Germany, Berlin, Staatliche Museen, P.","7818","null"
"2883","null","63050","4246","papyrus","codex","501","600","France, Paris, BnF, Copte","156","null"
"3355","null","100023","100023","papyrus","codex","501","700","The Netherlands, Leiden, Rijksmuseum van Oudheden","134","null"
"3470","null","108498","108498","papyrus","codex","601","800","Egypt, Cairo, Coptic Museum","4330/90","null"
"3472","null","700766","700766","papyrus","codex","601","750","Egypt, Luxor, SCA storehouse (Carter house)","Box 21, P. 5 (Vitre 16)","null"
"3473","null","700744","700744","terracotta","ostrakon","601","750","Egypt, Luxor, SCA storehouse (Carter house)","Box 21, n. 94","null"
"3474","null","700745","700745","terracotta","ostrakon","601","750","Egypt, Luxor, SCA storehouse (Carter house)","Box 21, n. 130","null"
"3475","null","700746","700746","terracotta","ostrakon","601","750","Egypt, Luxor, SCA storehouse (Carter house)","Box 21, n. 56","null"
"3476","null","700747","700747","terracotta","ostrakon","601","750","Egypt, Luxor, SCA storehouse (Carter house)","Box 21, n. 199","null"
"3477","null","700748","700748","terracotta","ostrakon","601","750","Egypt, Luxor, SCA storehouse (Carter house)","Box 21, n. 301","null"
"3478","null","700749","700749","terracotta","ostrakon","601","750","Egypt, Luxor, SCA storehouse (Carter house)","Box 21, n. 35","null"
"3479","null","700750","700750","terracotta","ostrakon","601","750","Egypt, Luxor, SCA storehouse (Carter house)","Box 21, n. 109","null"
"3480","null","700751","700751","terracotta","ostrakon","601","750","Egypt, Luxor, SCA storehouse (Carter house)","Box 21, n. 1119","null"
"3481","null","700752","700752","terracotta","ostrakon","601","750","Egypt, Luxor, SCA storehouse (Carter house)","Box 21, n. 84","null"
"3482","null","700753","700753","terracotta","ostrakon","601","750","Egypt, Luxor, SCA storehouse (Carter house)","Box 21, n. 112","null"
"3483","null","700754","700754","terracotta","ostrakon","601","750","Egypt, Luxor, SCA storehouse (Carter house)","Box 21, n. 893","null"
"3485","null","111237","111327","terracotta","ostrakon","601","800","U.S.A., Chicago, The Haskell Oriental Museum of the University of Chicago","MH 3636","null"
"3486","null","111701","111701","stone","ostrakon","601","800","United Kingdom, London, BM, EA","EA33129","null"
"3487","null","111813","111813","stone","ostrakon","601","800","United Kingdom, London, BM, EA","EA33127","null"
"3490","null","111238","111238","terracotta","ostrakon","601","800","U.S.A., Chicago, The Haskell Oriental Museum of the University of Chicago","MH 2734","null"
"3491","null","112565","null","terracotta","ostrakon","501","800","Egypt, Cairo, Coptic Museum","JdE 44674.7","null"
"3492","null","112532","112532","terracotta","ostrakon","501","700","U.S.A., New York (NY), The Metropolitan Museum of Art","14.1.49","null"
"3495","null","62143","3303","stone","ostrakon","601","800","United Kingdom, London, BM, EA","EA32884","null"
"3496","null","82910","82910","stone","ostrakon","590","786","United Kingdom, London, BM, EA","EA32986","null"
"3497","null","107930","107930","papyrus","codex","551","700","United Kingdom, London, BL, P.","48 (fol. 18-25)","null"
"3498","null","108324","108324","papyrus","codex","551","700","United Kingdom, London, BM, EA","EA 71005","null"
"3499","null","171917","171917","stone","ostrakon","501","800","Germany, Berlin, Staatliche Museen, P.","876","null"
"3500","null","171916","171916","terracotta","ostrakon","501","800","Germany, Berlin, Staatliche Museen, P.","647","null"
"3501","null","111812","111812","terracotta","ostrakon","401","800","United Kingdom, London, BM, EA","EA14061","null"
"3502","null","109213","109213","terracotta","ostrakon","501","700","U.S.A., New York (NY), Columbia University Library","O. 1366 = New York, Columbia University Acc. 65.3.78","null"
"3503","null","108183","108183","terracotta","ostrakon","501","700","Leipzig,  Ägyptisches Museum","1652","null"
"3506","null","108567","108567","papyrus","codex","551","600","United Kingdom, London, BL, P.","48 ","1-17"
"3509","null","66750","4248","stone","ostrakon","601","900","Egypt, Cairo, Coptic Museum","number unknown","null"
"3515","null","62207","3367","terracotta","ostrakon","601","700","U.S.A., Chicago, The Haskell Oriental Museum of the University of Chicago","MH 1175","null"
"3515","null","62207","3367","terracotta","ostrakon","601","700","U.S.A., Chicago, The Haskell Oriental Museum of the University of Chicago","MH 935","null"
"3515","null","62207","3367","terracotta","ostrakon","601","700","United Kingdom, London, University College, Petrie Museum","UC 62851","null"
"3516","null","82588","82588","stone","ostrakon","601","800","United Kingdom, London, BM, EA","EA 33135","null"
"3518","null","82597","82597","stone","ostrakon","601","800","United Kingdom, London, BM, EA","EA33140","null"
"3519","null","82907","82907","stone","ostrakon","590","786","United Kingdom, London, BM, EA","EA50213","null"
"3523","null","87109","87109","stone","ostrakon","601","700","U.S.A., New York (NY), The Metropolitan Museum of Art","14.1.138","null"
"3524","null","88185","88185","stone","ostrakon","601","800","Egypt, Cairo, IFAO, Copte","2002 = Cairo, IFAO no. séquestre 13322","null"
"3588","null","108266","108266","parchment","codex","401","500","Germany, Berlin, Staatliche Museen, P.","10585.A-B","null"
"3847","null","null","null","parchment","codex","551","600","United Kingdom, London, BL, Or.","4918.1.1-4","null"
"3956","DISH.AJ","107904; 107905; 107760","107904; 107905; 107760","parchment","codex","451","500","Spain, Barcelona, Arxiu Històric de la Companya de Jesús a Catalunya, Palau Ribes","P. Palau Ribes 181-183","null"
"4273","null","null","null","papyrus","codex","601","700","Switzerland, Cologny-Genève, Fondation Martin Bodmer","58.A","(007-008)"
"4273","null","null","null","papyrus","codex","601","700","Switzerland, Cologny-Genève, Fondation Martin Bodmer","58.C","(001-006)"
"4275","null","null","null","papyrus","codex","501","700","Switzerland, Cologny-Genève, Fondation Martin Bodmer","58.D","(003-006)"
"4300","null","108077","108077","parchment","codex","401","600","Germany, Heidelberg, Papyrussammlung der Universität Heidelberg, Kopt.","452","null"
"4310","null","null","null","parchment","codex","601","800","Italy, Napoli , Biblioteca Nazionale Vittorio Emanuele III, IB","13.47-50","pp. 1-8"
"4310","null","null","null","parchment","codex","601","800","France, Paris, BnF, Copte","129.3.188-189","pp. 115-118"
"4310","null","null","null","parchment","codex","601","800","United Kingdom, London, BL, Or.","6954.88-90","null"
"4564","null","111687","111687","wood","tablet","401","800","United Kingdom, Manchester, University of  Manchester Library - John Rylands Library, Suppl.Copt.","50","null"
"4625","null","107783","107783","papyrus","codex","401","600","U.S.A., Ann Arbor (MI), University of Michigan Library, P.","4162","null"
"4673","null","108581","108581","papyrus","single leaf","401","600","U.S.A., Ann Arbor (MI), University of Michigan Library, P.","6213","null"
"4685","null","107866","107866","papyrus","codex","501","700","U.S.A., Ann Arbor (MI), University of Michigan Library, P.","6868(a)","null"
"4722","null","null","null","papyrus","codex","795","null","U.S.A., New York (NY), The Morgan Library and Museum","M636 (formerly C31)","ff. 1-41 + (42)"
"4951","null","108692","108692","parchment","codex","401","500","France, Paris, Musée du Louvre, E","6795","null"
"5778","null","null","null","parchment","codex","601","800","The Netherlands, Utrecht, Universiteitsbibliotheek, B","2.7","null"
"5781","null","null","null","papyrus","single leaf","301","500","The Netherlands, Utrecht, Universiteitsbibliotheek, B","3.10","null"
"5782","null","749319","749319","papyrus","codex","301","400","The Netherlands, Utrecht, Universiteitsbibliotheek, B","4.15.1-11","null"
"5782","null","749319","749319","papyrus","codex","301","400","The Netherlands, Utrecht, Universiteitsbibliotheek, B","5.11.1-11","null"
"5793","null","749320","749320","papyrus","codex","301","400","The Netherlands, Utrecht, Universiteitsbibliotheek, B","4.16","null"
"5793","null","749320","749320","papyrus","codex","301","400","The Netherlands, Utrecht, Universiteitsbibliotheek, B","4.17","null"
"5795","null","756902","756902","papyrus","codex","701","800","The Netherlands, Utrecht, Universiteitsbibliotheek, B","4.18","null"
"5796","null","756901","756901","papyrus","codex","701","800","The Netherlands, Utrecht, Universiteitsbibliotheek, B","4.19-20","null"
"5798","null","756903","756903","papyrus","codex","701","800","The Netherlands, Utrecht, Universiteitsbibliotheek, B","5.2","null"
"5799","null","756904","756904","parchment","codex","510","700","The Netherlands, Utrecht, Universiteitsbibliotheek, B","5.4.1","null"
"5800","null","null","null","parchment","codex","601","800","The Netherlands, Utrecht, Universiteitsbibliotheek, B","5.4.3","null"
"5801","null","null","null","parchment","codex","401","600","The Netherlands, Utrecht, Universiteitsbibliotheek, B","5.5.1","null"
"5802","null","null","null","parchment","codex","601","800","The Netherlands, Utrecht, Universiteitsbibliotheek, B","5.5.2","null"
"5803","null","null","null","parchment","codex","601","800","The Netherlands, Utrecht, Universiteitsbibliotheek, B","5.5.4","null"
"5804","null","null","null","parchment","single leaf","401","700","The Netherlands, Utrecht, Universiteitsbibliotheek, B","5.6.1","null"
"5805","null","null","null","parchment","codex","601","800","The Netherlands, Utrecht, Universiteitsbibliotheek, B","5.6.2","null"
"5806","null","null","null","parchment","codex","701","900","The Netherlands, Utrecht, Universiteitsbibliotheek, B","5.8.1","null"
"5807","null","null","null","parchment","codex","501","800","The Netherlands, Utrecht, Universiteitsbibliotheek, B","5.8.2","null"
"5808","null","null","null","parchment","codex","501","800","The Netherlands, Utrecht, Universiteitsbibliotheek, B","5.8.3","null"
"5809","null","null","null","parchment","codex","401","700","The Netherlands, Utrecht, Universiteitsbibliotheek, B","5.8.4","null"
"5810","null","null","null","parchment","codex","401","800","The Netherlands, Utrecht, Universiteitsbibliotheek, B","5.8.5","null"
"5811","null","null","null","papyrus","single leaf","301","600","The Netherlands, Utrecht, Universiteitsbibliotheek, B","5.9","null"
"5823","null","null","null","parchment","codex","401","700","The Netherlands, Utrecht, Universiteitsbibliotheek, B","5.12.1","null"
"5824","null","null","null","parchment","codex","401","700","The Netherlands, Utrecht, Universiteitsbibliotheek, B","5.12.2","null"
"5824","null","null","null","parchment","codex","401","700","The Netherlands, Utrecht, Universiteitsbibliotheek, B","5.12.3","null"
"5826","null","null","null","parchment","codex","401","800","The Netherlands, Utrecht, Universiteitsbibliotheek, B","5.12.4","null"
"5827","null","null","null","parchment","codex","401","700","The Netherlands, Utrecht, Universiteitsbibliotheek, B","5.12.5","null"
"5834","null","108780","108780","parchment","codex","401","500","U.S.A., Washington, Smithsonian Institute, Freer","F1908.34 (Coptic Fragment No. 1)","null"
"6254","null","null","null","parchment","codex","701","800","Egypt, Cairo, IFAO, Copte","215B","null"
"6257","CMCL.BF","105708","10855","parchment","codex","550","625","U.S.A., Princeton (NJ), University Library, P. Cotsen","1","null"
"6262","null","108432","108432","papyrus","codex","701","900","Egypt, Cairo, IFAO, Copte","339-348","null"
"6287","null","null","null","papyrus","codex","301","500","Egypt, Cairo, IFAO, Copte","313","null"
"6295","null","107766","107766","papyrus","codex","351","400","Città del Vaticano, Biblioteca Apostolica Vaticana, Pap. Copt.","9","null"
"6296","","107734","107734","parchment","codex","401","500","U.S.A., Princeton (NJ), University Library","Scheide MS 144","null"
"6298","null","144293","144293","papyrus","codex","501","700","Spain, Barcelona, Arxiu Històric de la Companya de Jesús a Catalunya, Palau Ribes","inv. 426 + 427","null"
"6299","null","144293","144293","papyrus","codex","501","700","Spain, Barcelona, Arxiu Històric de la Companya de Jesús a Catalunya, Palau Ribes","Inv. 90","null"
"6300","null","144320","144320","papyrus","codex","501","700","Spain, Barcelona, Arxiu Històric de la Companya de Jesús a Catalunya, Palau Ribes","Inv. 134","null"
"6301","null","108565","108565","papyrus","codex","501","700","Spain, Barcelona, Arxiu Històric de la Companya de Jesús a Catalunya, Palau Ribes","Inv. 6","null"
"6302","null","108574","108574","papyrus","codex","701","800","Spain, Barcelona, Arxiu Històric de la Companya de Jesús a Catalunya, Palau Ribes","Inv. 53","null"
"6303","null","107787","107787","parchment","vertical roll","401","500","Private collection","s.n.","null"
"6305","null","null","null","papyrus","codex","601","700","Finland, Helsink, Private Collection Ilves","s.n.","null"
"6307","null","108540","108540","terracotta","ostrakon","601","800","Austria, Wien, Österreichische Nationalbibliothek - Papyrussammlung, K","K.O. 233","null"
"6308","null","171919","171919","stone","ostrakon","501","800","Germany, Berlin, Staatliche Museen, P.","4925","null"
"6309","null","171920","171920","stone","ostrakon","501","800","Germany, Berlin, Staatliche Museen, P.","4971","null"
"6310","null","108836","108836","stone","ostrakon","701","800","Germany, Berlin, Staatliche Museen, P.","740","null"
"6312","null","171918","171918","stone","ostrakon","501","800","Germany, Berlin, Staatliche Museen, P.","907","null"
"6313","null","108538","108538","terracotta","ostrakon","401","600","United Kingdom, London, BM, EA","14070","null"
"6314","null","108572","108572","terracotta","ostrakon","601","800","Austria, Wien, Österreichische Nationalbibliothek - Papyrussammlung, K","O. 474","null"
"6331","null","107757","107757","papyrus","codex","301","500","U.S.A., Ann Arbor (MI), University of Michigan Library, P.","3521","null"
"6332","null","107936","107936","parchment","codex","401","500","U.S.A., Washington, Smithsonian Institute, Freer","F1908.32 (Coptic Ms. No. 1)","null"
"6333","null","108426","108426","papyrus","vertical roll","301","450","U.S.A., New Haven (CT), Beinecke Rare Book & Manuscript Library","P.CtYBR inv. 1779","null"
"6334","null","107755","107755","papyrus","codex","301","400","United Kingdom, Cambridge, University Library, BFBS","Ms. 137","null"
"6336","null","108687","108687","parchment","null","601","1000","Egypt, Cairo, Coptic Museum","859","null"
"6339","null","108028; 111279","108028; 111279","parchment","codex","501","700","U.S.A., New Haven (CT), Beinecke Rare Book & Manuscript Library","P.CtYBR inv. 846","f. 1"
"6340","null","108029","108029","parchment","codex","501","600","U.S.A., New Haven (CT), Beinecke Rare Book & Manuscript Library","P.CtYBR inv. 1781","f. 1"
"6341","null","108030","108030","papyrus","single leaf","501","700","U.S.A., New Haven (CT), Beinecke Rare Book & Manuscript Library","P.CtYBR inv. 1782","f. 1"
"6343","null","108031","108031","parchment","codex","301","500","U.S.A., New Haven (CT), Beinecke Rare Book & Manuscript Library","P.CtYBR inv. 2118","ff. 1-2"
"6344","null","61661","2811","papyrus","codex","501","600","Germany, Berlin, Staatliche Museen, P.","11914","ff. 1-2"
"6345","null","64981","6222","parchment","single leaf","501","600","Germany, Berlin, Staatliche Museen, P.","21315","null"
"6346","null","369019","369019","parchment","codex","401","700","U.S.A., New Haven (CT), Beinecke Rare Book & Manuscript Library","P.CtYBR inv. 4641","null"
"6347","null","null","null","papyrus","codex","501","700","Egypt, al-Šayḫ ʽIbādah, Storehouse of the Italian Archaeological Mission","null","null"
"6350","null","108693","108693","parchment","codex","601","800","France, Paris, Musée du Louvre, E","10095.C","null"
"6351","null","108689","108689","papyrus","codex","501","700","France, Paris, Musée du Louvre, AF","12763 ","null"
"6352","null","108690","108690","papyrus","codex","501","700","France, Paris, Musée du Louvre, AF","12764 ","null"
"6353","null","108695","108695","papyrus","codex","601","800","France, Paris, Musée du Louvre, AF","12765 ","null"
"6354","null","108691","108691","parchment","codex","601","700","France, Paris, Musée du Louvre, E","6972.B","null"
"6356","null","108697","108697","papyrus","codex","701","800","France, Paris, Musée du Louvre, E","7445 ","null"
"6363","null","null","null","parchment","codex","301","500","U.S.A., Philadelphia (PA), University of Pennsylvania Museum","E 16690 Coptic 1","null"
"6370","null","107965","107965","papyrus","codex","301","400","Belgium, Leuven, Katholieke Universiteit Leuven, Lefort","null","null"
"6370","null","107965","107965","papyrus","codex","301","400","Belgium, Louvain-la-Neuve, Archives, Fonds Lefort","null","null"
"6371","null","107965","107965","papyrus","codex","301","400","Belgium, Leuven, Katholieke Universiteit Leuven, Lefort","null","null"
"6371","null","107965","107965","papyrus","codex","301","400","Belgium, Louvain-la-Neuve, Archives, Fonds Lefort","null","null"
"6376","null","128460","128460","parchment","codex","501","600","Germany, Cologne, Papyrussammlung der Universität zu Köln","P. 20838e","null"
"6379","null","null","null","papyrus","codex","601","800","France, Paris, Institut de Papyrologie de la Sorbonne","2635","null"
"6380","null","108824","108824","terracotta","ostrakon","501","900","United Kingdom, London, BM, EA","19967","null"
"6381","null","110390","110390","stone","ostrakon","401","1000","Egypt, Cairo, Coptic Museum","8138","null"
"6383","null","112629","112629","stone","ostrakon","501","900","Russian Federation, Moscow, Puškin Museum ","I.1.B.529","null"
"6386","null","135855","135855","parchment","single leaf","601","900","Switzerland, Freibug, Bibel+Orient Museum, ÄT","2006.8","null"
"6387","null","100014","100014","papyrus","codex","601","800","Città del Vaticano, Biblioteca Apostolica Vaticana, Pap. Copt.","1","null"
"6413","null","","null","parchment","codex","601","900","Egypt, Cairo, Egyptian Museum, CGC","K33/108 (Box B)","null"
"6438","null","108782","108782","parchment","codex","401","500","U.S.A., Washington, Smithsonian Institute, Freer","F1908.34 (Coptic Fragment No. 2)","null"
"6439","null","108781","108781","parchment","codex","401","500","U.S.A., Washington, Smithsonian Institute, Freer","F1913.29 (Coptic Fragment No. 9)","null"
"6449","null","130506","130506","parchment","codex","401","600","Spain, Monsterrat, Abbey of Montserrat, Roca","inv. 760","null"
"6449","null","130506","130506","parchment","codex","401","600","Norway, Oslo, The Schøyen Collection","MS 1363","null"
"6450","null","130516","130516","parchment","codex","601","700","Spain, Monsterrat, Abbey of Montserrat, Roca","inv. 9","null"
"6457","null","null","null","parchment","codex","401","600","Russian Federation, St. Petersbourg, The National Library of Russia, OLDP","O.150","null"
"6462","null","369919","null","parchment","codex","701","1000","Austria, Wien, Kunsthistorisches Museum","A 663","null"
"6463","null","371279","null","parchment","codex","701","1000","Muzeum Narodowe w Warszawie","null","null"
"6464","null","107938","107938","parchment","codex","501","700","U.S.A., Chicago, The Haskell Oriental Museum of the University of Chicago","10485","null"
"6472","null","108588","108588","papyrus","codex","651","750","U.S.A., New York (NY), The Morgan Library and Museum","C 4","3"
"6473","null","108588","108588","papyrus","codex","651","750","U.S.A., New York (NY), The Morgan Library and Museum","C 4","4"
